{
  "model": "gpt-5.4-mini",
  "n_rows": 219,
  "n_valid": 219,
  "n_errors": 0,
  "accuracy": 0.7488584474885844,
  "precision_yes": 0.6714285714285714,
  "recall_yes": 0.5949367088607594,
  "f1_yes": 0.6308724832214765,
  "cohen_kappa": 0.4416114227434983,
  "agreement_rate": 0.7488584474885844,
  "confusion_matrix_yes_no": [
    [
      47,
      32
    ],
    [
      23,
      117
    ]
  ]
}